Nombre, Gls90,Ast90,G+A90,G-PK90,G+A-PK90,SCA90,GCA90,Sh90,SoT90,SoT%,G/Sh,G/SoT,GA90,Save%,SoTA
es Real Madrid,2.12,1.87,4.0,2.12,4.0,34.75,4.12,18.62,6.0,0.32,0.11,0.35,1.0,0.8,35
dk FC Copenhagen,1.25,0.75,2.0,1.13,1.87,18.25,2.12,10.25,3.25,0.32,0.11,0.35,1.75,0.7,44
de Bayern Munich,1.87,1.5,3.38,1.75,3.25,27.87,3.12,15.37,4.37,0.28,0.11,0.4,0.87,0.77,22
es Atl√©tico Madrid,2.14,1.29,3.43,2.14,3.43,23.86,3.14,12.71,4.43,0.35,0.17,0.48,1.0,0.77,31
es Barcelona,1.71,1.71,3.43,1.71,3.43,27.29,3.0,16.0,5.14,0.32,0.11,0.33,1.0,0.68,22
de RB Leipzig,1.75,1.62,3.38,1.75,3.38,27.87,3.38,15.5,5.12,0.33,0.11,0.34,1.5,0.6,30
it Napoli,1.29,0.57,1.86,1.14,1.71,24.86,2.29,13.43,4.0,0.3,0.09,0.29,1.43,0.71,35
fr Paris S-G,1.62,1.13,2.75,1.37,2.5,28.75,2.5,16.12,5.12,0.32,0.09,0.27,1.13,0.75,36
eng Manchester City,2.38,1.77,4.15,2.23,4.0,28.08,4.0,15.08,6.54,0.43,0.15,0.34,0.38,0.89,37
pt Porto,2.29,1.71,4.0,2.14,3.86,23.71,3.57,13.29,6.0,0.45,0.16,0.36,1.14,0.67,24
de Dortmund,1.14,1.0,2.14,1.0,2.0,23.0,2.14,13.0,4.43,0.34,0.08,0.23,0.71,0.89,26
es Real Sociedad,1.0,0.62,1.62,1.0,1.62,23.37,1.5,13.25,4.25,0.32,0.08,0.24,0.75,0.76,25
it Inter,1.29,0.71,2.0,0.86,1.57,25.86,2.0,14.43,4.14,0.29,0.06,0.21,0.71,0.8,25
it Lazio,1.0,0.62,1.62,0.75,1.37,20.62,1.75,11.37,3.25,0.29,0.07,0.23,1.25,0.68,31
nl PSV Eindhoven,1.14,0.71,1.86,0.86,1.57,28.43,2.14,15.29,5.0,0.33,0.06,0.17,1.57,0.59,27
eng Arsenal,2.29,1.86,4.14,2.14,4.0,22.0,3.86,12.29,4.43,0.36,0.17,0.48,0.71,0.75,20
